menu_date,titre_plat,prix,category,recette,image_url
2023-05-29 20:56:05.931,Plat côté Terre,3300,PLAT,"Médaillon de paupiette de veau au champignon, purée de taro, beurre de noix, choux pommé braisé, salade d'endive et pomme, jus de rôti au balsamique et ail confit.",
2023-05-29 20:56:05.931,Plat côté Mer,3300,PLAT,"Loche ronde à la plancha, pilpil à l'orange, légumes verts, écrasée de pomme de terre à l'ail, salade de papaye, orange et graine de fenouil, accras d'aile de raie, condiment petit pois anis vert.",
2023-05-29 20:56:05.931,Plat Végétarien,2900,PLAT,"Ecrasée de pomme de terre à l'ail, salade de papaye, orange et graine de fenouil, légumes verts, condiment petit pois wasabi.",
2023-05-29 20:56:05.931,Suggestion du mois,2650,PLAT,"Porc croustillant, salade mélangée-papaye verte-cacahuètes, condiment satay, frites de manioc,",http://auptitcafe.nc/wp-content/uploads/2023/05/APC-MENU-DU-MARDI03-1.jpg
2023-05-29 20:56:05.931,Suggestion du soir,3300,PLAT,"Quenelle de poisson et crevette, bisque de crabe, couteaux, encornet, patate douce confite, aïoli",
2023-05-29 20:56:05.931,L'EFFEUILLET,1200,DESSERT,"L’effeuiller: croustillant praliné, dacquoise noisette, crémeux chocolat noir, chantilly chocolat au lait.",
2023-05-29 20:56:05.931,FLAN COCO,1200,DESSERT,"Flan coco, carpaccio d'ananas, crumble combava.",
2023-05-29 20:56:05.931,L'incontournable,1200,DESSERT,"Le cheese-cake maison du p’tit café, à la mangue et au fruit de la passion",http://auptitcafe.nc/wp-content/uploads/2022/11/APC-MENU-DU-MARDI06-scaled.jpg
2023-05-29 20:56:05.931,Le café gourmand,1100,DESSERT,"C’est une bonne alternative, servi avec 3 minis desserts du jour",http://auptitcafe.nc/wp-content/uploads/2023/03/APC-MENU-DU-MARDI-scaled.jpg
2023-05-29 20:56:44.798,Plat côté Terre,3300,PLAT,"Médaillon de paupiette de veau au champignon, purée de taro, beurre de noix, choux pommé braisé, salade d'endive et pomme, jus de rôti au balsamique et ail confit.",
2023-05-29 20:56:44.798,Plat côté Mer,3300,PLAT,"Loche ronde à la plancha, pilpil à l'orange, légumes verts, écrasée de pomme de terre à l'ail, salade de papaye, orange et graine de fenouil, accras d'aile de raie, condiment petit pois anis vert.",
2023-05-29 20:56:44.798,Plat Végétarien,2900,PLAT,"Ecrasée de pomme de terre à l'ail, salade de papaye, orange et graine de fenouil, légumes verts, condiment petit pois wasabi.",
2023-05-29 20:56:44.798,Suggestion du mois,2650,PLAT,"Porc croustillant, salade mélangée-papaye verte-cacahuètes, condiment satay, frites de manioc,",http://auptitcafe.nc/wp-content/uploads/2023/05/APC-MENU-DU-MARDI03-1.jpg
2023-05-29 20:56:44.798,Suggestion du soir,3300,PLAT,"Quenelle de poisson et crevette, bisque de crabe, couteaux, encornet, patate douce confite, aïoli",
2023-05-29 20:56:44.798,L'EFFEUILLET,1200,DESSERT,"L’effeuiller: croustillant praliné, dacquoise noisette, crémeux chocolat noir, chantilly chocolat au lait.",
2023-05-29 20:56:44.798,FLAN COCO,1200,DESSERT,"Flan coco, carpaccio d'ananas, crumble combava.",
2023-05-29 20:56:44.798,L'incontournable,1200,DESSERT,"Le cheese-cake maison du p’tit café, à la mangue et au fruit de la passion",http://auptitcafe.nc/wp-content/uploads/2022/11/APC-MENU-DU-MARDI06-scaled.jpg
2023-05-29 20:56:44.798,Le café gourmand,1100,DESSERT,"C’est une bonne alternative, servi avec 3 minis desserts du jour",http://auptitcafe.nc/wp-content/uploads/2023/03/APC-MENU-DU-MARDI-scaled.jpg
2023-05-29 21:13:55.677,Plat côté Terre,3300,PLAT,"Médaillon de paupiette de veau au champignon, purée de taro, beurre de noix, choux pommé braisé, salade d'endive et pomme, jus de rôti au balsamique et ail confit.",
2023-05-29 21:13:55.677,Plat côté Mer,3300,PLAT,"Loche ronde à la plancha, pilpil à l'orange, légumes verts, écrasée de pomme de terre à l'ail, salade de papaye, orange et graine de fenouil, accras d'aile de raie, condiment petit pois anis vert.",
2023-05-29 21:13:55.677,Plat Végétarien,2900,PLAT,"Ecrasée de pomme de terre à l'ail, salade de papaye, orange et graine de fenouil, légumes verts, condiment petit pois wasabi.",
2023-05-29 21:13:55.677,Suggestion du mois,2650,PLAT,"Porc croustillant, salade mélangée-papaye verte-cacahuètes, condiment satay, frites de manioc,",http://auptitcafe.nc/wp-content/uploads/2023/05/APC-MENU-DU-MARDI03-1.jpg
2023-05-29 21:13:55.677,Suggestion du soir,3300,PLAT,"Quenelle de poisson et crevette, bisque de crabe, couteaux, encornet, patate douce confite, aïoli",
2023-05-29 21:13:55.677,L'EFFEUILLET,1200,DESSERT,"L’effeuiller: croustillant praliné, dacquoise noisette, crémeux chocolat noir, chantilly chocolat au lait.",
2023-05-29 21:13:55.677,FLAN COCO,1200,DESSERT,"Flan coco, carpaccio d'ananas, crumble combava.",
2023-05-29 21:13:55.677,L'incontournable,1200,DESSERT,"Le cheese-cake maison du p’tit café, à la mangue et au fruit de la passion",http://auptitcafe.nc/wp-content/uploads/2022/11/APC-MENU-DU-MARDI06-scaled.jpg
2023-05-29 21:13:55.677,Le café gourmand,1100,DESSERT,"C’est une bonne alternative, servi avec 3 minis desserts du jour",http://auptitcafe.nc/wp-content/uploads/2023/03/APC-MENU-DU-MARDI-scaled.jpg
2023-06-13 04:16:03.995,Plat côté Terre,3300,PLAT,"Goa bao de porc au caramel, yakitori de filet, salade de udon, légumes marinés, condiment tofu mizo moutarde, citrouille confite au soja, shitake, salade de choux aux sésames.",http://auptitcafe.nc/wp-content/uploads/2023/06/23061300-scaled.jpg
2023-06-13 04:16:03.995,Plat côté Mer,3300,PLAT,"Bec de canne a la plancha, dossa massala, curry de pomme de terre, rougail tomate fraiche, tempura d'aubergine, salade de courgette marinée.",http://auptitcafe.nc/wp-content/uploads/2023/06/23061301-scaled.jpg
2023-06-13 04:16:03.995,Plat Végétarien,2900,PLAT,"Dossa massala, curry de pomme de terre, citrouille confite au soja, tempura d'aubergine, salade de choux aux sésames, condiment tofu mizo moutarde.",http://auptitcafe.nc/wp-content/uploads/2023/06/23061302-scaled.jpg
2023-06-13 04:16:03.995,Suggestion du mois,2650,PLAT,"Ventrèche de thon confite, salade mélangée, sauce tonato, accras de poisson, parmesan,",http://auptitcafe.nc/wp-content/uploads/2023/06/23060603.jpg
2023-06-13 04:16:03.995,Suggestion du soir,3300,PLAT,"Gigot d'agneau tamarin citron longue cuisson, gnocchi sauté, artichaut, poivrons rôtis, pistou pistache.",http://auptitcafe.nc/wp-content/uploads/2022/11/VISUEL-PHOTO.jpg
2023-06-13 04:16:03.995,PAVLOVA PISTACHE EXOTIQUE,1200,DESSERT,"Pavlova, meringue, crème mascarpone pistache, crémeux exotique, fruits frais",http://auptitcafe.nc/wp-content/uploads/2023/06/23061305-scaled.jpg
2023-06-13 04:16:03.995,ENTREMETS CHOCO BANANE COCO,1200,DESSERT,"Entremets, brownies chocolat noir, coeur banane, mousse coco, copeaux chocolat au lait coco",http://auptitcafe.nc/wp-content/uploads/2023/06/23061304-scaled.jpg
2023-06-13 04:16:03.995,L'incontournable,1200,DESSERT,"Le cheese-cake maison du p’tit café, à la mangue et au fruit de la passion",http://auptitcafe.nc/wp-content/uploads/2022/11/APC-MENU-DU-MARDI06-scaled.jpg
2023-06-13 04:16:03.995,Le café gourmand,1100,DESSERT,"C’est une bonne alternative, servi avec 3 minis desserts du jour",http://auptitcafe.nc/wp-content/uploads/2023/03/APC-MENU-DU-MARDI-scaled.jpg
2023-06-13 04:29:25.884,Plat côté Terre,3300,PLAT,"Goa bao de porc au caramel, yakitori de filet, salade de udon, légumes marinés, condiment tofu mizo moutarde, citrouille confite au soja, shitake, salade de choux aux sésames.",http://auptitcafe.nc/wp-content/uploads/2023/06/23061300-scaled.jpg
2023-06-13 04:29:25.884,Plat côté Mer,3300,PLAT,"Bec de canne a la plancha, dossa massala, curry de pomme de terre, rougail tomate fraiche, tempura d'aubergine, salade de courgette marinée.",http://auptitcafe.nc/wp-content/uploads/2023/06/23061301-scaled.jpg
2023-06-13 04:29:25.884,Plat Végétarien,2900,PLAT,"Dossa massala, curry de pomme de terre, citrouille confite au soja, tempura d'aubergine, salade de choux aux sésames, condiment tofu mizo moutarde.",http://auptitcafe.nc/wp-content/uploads/2023/06/23061302-scaled.jpg
2023-06-13 04:29:25.884,Suggestion du mois,2650,PLAT,"Ventrèche de thon confite, salade mélangée, sauce tonato, accras de poisson, parmesan,",http://auptitcafe.nc/wp-content/uploads/2023/06/23060603.jpg
2023-06-13 04:29:25.884,Suggestion du soir,3300,PLAT,"Gigot d'agneau tamarin citron longue cuisson, gnocchi sauté, artichaut, poivrons rôtis, pistou pistache.",http://auptitcafe.nc/wp-content/uploads/2022/11/VISUEL-PHOTO.jpg
2023-06-13 04:29:25.884,PAVLOVA PISTACHE EXOTIQUE,1200,DESSERT,"Pavlova, meringue, crème mascarpone pistache, crémeux exotique, fruits frais",http://auptitcafe.nc/wp-content/uploads/2023/06/23061305-scaled.jpg
2023-06-13 04:29:25.884,ENTREMETS CHOCO BANANE COCO,1200,DESSERT,"Entremets, brownies chocolat noir, coeur banane, mousse coco, copeaux chocolat au lait coco",http://auptitcafe.nc/wp-content/uploads/2023/06/23061304-scaled.jpg
2023-06-13 04:29:25.884,L'incontournable,1200,DESSERT,"Le cheese-cake maison du p’tit café, à la mangue et au fruit de la passion",http://auptitcafe.nc/wp-content/uploads/2022/11/APC-MENU-DU-MARDI06-scaled.jpg
2023-06-13 04:29:25.884,Le café gourmand,1100,DESSERT,"C’est une bonne alternative, servi avec 3 minis desserts du jour",http://auptitcafe.nc/wp-content/uploads/2023/03/APC-MENU-DU-MARDI-scaled.jpg
2023-06-13 04:34:45.771,Plat côté Terre,3300,PLAT,"Goa bao de porc au caramel, yakitori de filet, salade de udon, légumes marinés, condiment tofu mizo moutarde, citrouille confite au soja, shitake, salade de choux aux sésames.",http://auptitcafe.nc/wp-content/uploads/2023/06/23061300-scaled.jpg
2023-06-13 04:34:45.771,Plat côté Mer,3300,PLAT,"Bec de canne a la plancha, dossa massala, curry de pomme de terre, rougail tomate fraiche, tempura d'aubergine, salade de courgette marinée.",http://auptitcafe.nc/wp-content/uploads/2023/06/23061301-scaled.jpg
2023-06-13 04:34:45.771,Plat Végétarien,2900,PLAT,"Dossa massala, curry de pomme de terre, citrouille confite au soja, tempura d'aubergine, salade de choux aux sésames, condiment tofu mizo moutarde.",http://auptitcafe.nc/wp-content/uploads/2023/06/23061302-scaled.jpg
2023-06-13 04:34:45.771,Suggestion du mois,2650,PLAT,"Ventrèche de thon confite, salade mélangée, sauce tonato, accras de poisson, parmesan,",http://auptitcafe.nc/wp-content/uploads/2023/06/23060603.jpg
2023-06-13 04:34:45.771,Suggestion du soir,3300,PLAT,"Gigot d'agneau tamarin citron longue cuisson, gnocchi sauté, artichaut, poivrons rôtis, pistou pistache.",http://auptitcafe.nc/wp-content/uploads/2022/11/VISUEL-PHOTO.jpg
2023-06-13 04:34:45.771,PAVLOVA PISTACHE EXOTIQUE,1200,DESSERT,"Pavlova, meringue, crème mascarpone pistache, crémeux exotique, fruits frais",http://auptitcafe.nc/wp-content/uploads/2023/06/23061305-scaled.jpg
2023-06-13 04:34:45.771,ENTREMETS CHOCO BANANE COCO,1200,DESSERT,"Entremets, brownies chocolat noir, coeur banane, mousse coco, copeaux chocolat au lait coco",http://auptitcafe.nc/wp-content/uploads/2023/06/23061304-scaled.jpg
2023-06-13 04:34:45.771,L'incontournable,1200,DESSERT,"Le cheese-cake maison du p’tit café, à la mangue et au fruit de la passion",http://auptitcafe.nc/wp-content/uploads/2022/11/APC-MENU-DU-MARDI06-scaled.jpg
2023-06-13 04:34:45.771,Le café gourmand,1100,DESSERT,"C’est une bonne alternative, servi avec 3 minis desserts du jour",http://auptitcafe.nc/wp-content/uploads/2023/03/APC-MENU-DU-MARDI-scaled.jpg
2023-06-13 04:40:09.093,Plat côté Terre,3300,PLAT,"Goa bao de porc au caramel, yakitori de filet, salade de udon, légumes marinés, condiment tofu mizo moutarde, citrouille confite au soja, shitake, salade de choux aux sésames.",http://auptitcafe.nc/wp-content/uploads/2023/06/23061300-scaled.jpg
2023-06-13 04:40:09.093,Plat côté Mer,3300,PLAT,"Bec de canne a la plancha, dossa massala, curry de pomme de terre, rougail tomate fraiche, tempura d'aubergine, salade de courgette marinée.",http://auptitcafe.nc/wp-content/uploads/2023/06/23061301-scaled.jpg
2023-06-13 04:40:09.093,Plat Végétarien,2900,PLAT,"Dossa massala, curry de pomme de terre, citrouille confite au soja, tempura d'aubergine, salade de choux aux sésames, condiment tofu mizo moutarde.",http://auptitcafe.nc/wp-content/uploads/2023/06/23061302-scaled.jpg
2023-06-13 04:40:09.093,Suggestion du mois,2650,PLAT,"Ventrèche de thon confite, salade mélangée, sauce tonato, accras de poisson, parmesan,",http://auptitcafe.nc/wp-content/uploads/2023/06/23060603.jpg
2023-06-13 04:40:09.093,Suggestion du soir,3300,PLAT,"Gigot d'agneau tamarin citron longue cuisson, gnocchi sauté, artichaut, poivrons rôtis, pistou pistache.",http://auptitcafe.nc/wp-content/uploads/2022/11/VISUEL-PHOTO.jpg
2023-06-13 04:40:09.093,PAVLOVA PISTACHE EXOTIQUE,1200,DESSERT,"Pavlova, meringue, crème mascarpone pistache, crémeux exotique, fruits frais",http://auptitcafe.nc/wp-content/uploads/2023/06/23061305-scaled.jpg
2023-06-13 04:40:09.093,ENTREMETS CHOCO BANANE COCO,1200,DESSERT,"Entremets, brownies chocolat noir, coeur banane, mousse coco, copeaux chocolat au lait coco",http://auptitcafe.nc/wp-content/uploads/2023/06/23061304-scaled.jpg
2023-06-13 04:40:09.093,L'incontournable,1200,DESSERT,"Le cheese-cake maison du p’tit café, à la mangue et au fruit de la passion",http://auptitcafe.nc/wp-content/uploads/2022/11/APC-MENU-DU-MARDI06-scaled.jpg
2023-06-13 04:40:09.093,Le café gourmand,1100,DESSERT,"C’est une bonne alternative, servi avec 3 minis desserts du jour",http://auptitcafe.nc/wp-content/uploads/2023/03/APC-MENU-DU-MARDI-scaled.jpg
2023-06-13 12:22:05.245,Plat côté Terre,3300,PLAT,"Goa bao de porc au caramel, yakitori de filet, salade de udon, légumes marinés, condiment tofu mizo moutarde, citrouille confite au soja, shitake, salade de choux aux sésames.",http://auptitcafe.nc/wp-content/uploads/2023/06/23061300-scaled.jpg
2023-06-13 12:22:05.245,Plat côté Mer,3300,PLAT,"Bec de canne a la plancha, dossa massala, curry de pomme de terre, rougail tomate fraiche, tempura d'aubergine, salade de courgette marinée.",http://auptitcafe.nc/wp-content/uploads/2023/06/23061301-scaled.jpg
2023-06-13 12:22:05.245,Plat Végétarien,2900,PLAT,"Dossa massala, curry de pomme de terre, citrouille confite au soja, tempura d'aubergine, salade de choux aux sésames, condiment tofu mizo moutarde.",http://auptitcafe.nc/wp-content/uploads/2023/06/23061302-scaled.jpg
2023-06-13 12:22:05.245,Suggestion du mois,2650,PLAT,"Ventrèche de thon confite, salade mélangée, sauce tonato, accras de poisson, parmesan,",http://auptitcafe.nc/wp-content/uploads/2023/06/23060603.jpg
2023-06-13 12:22:05.245,Suggestion du soir,3300,PLAT,"Gigot d'agneau tamarin citron longue cuisson, gnocchi sauté, artichaut, poivrons rôtis, pistou pistache.",http://auptitcafe.nc/wp-content/uploads/2022/11/VISUEL-PHOTO.jpg
2023-06-13 12:22:05.245,PAVLOVA PISTACHE EXOTIQUE,1200,DESSERT,"Pavlova, meringue, crème mascarpone pistache, crémeux exotique, fruits frais",http://auptitcafe.nc/wp-content/uploads/2023/06/23061305-scaled.jpg
2023-06-13 12:22:05.245,ENTREMETS CHOCO BANANE COCO,1200,DESSERT,"Entremets, brownies chocolat noir, coeur banane, mousse coco, copeaux chocolat au lait coco",http://auptitcafe.nc/wp-content/uploads/2023/06/23061304-scaled.jpg
2023-06-13 12:22:05.245,L'incontournable,1200,DESSERT,"Le cheese-cake maison du p’tit café, à la mangue et au fruit de la passion",http://auptitcafe.nc/wp-content/uploads/2022/11/APC-MENU-DU-MARDI06-scaled.jpg
2023-06-13 12:22:05.245,Le café gourmand,1100,DESSERT,"C’est une bonne alternative, servi avec 3 minis desserts du jour",http://auptitcafe.nc/wp-content/uploads/2023/03/APC-MENU-DU-MARDI-scaled.jpg
2023-06-20 12:22:03.511,Plat côté Terre,3300,PLAT,"Pastilla de tajine d'agneau, brochette de filet mignon, taboulet de choux fleur, romesco harissa, tzatziki, courgette grillée, chimichourri.",http://auptitcafe.nc/wp-content/uploads/2023/06/23062000-scaled.jpg
2023-06-20 12:22:03.511,Plat côté Mer,3300,PLAT,"Rouget de nuit, gratin de penne a l’encre de seiche, poutargue, crème oseille épinard, champignon escabèche, pistou basilic pistache.",http://auptitcafe.nc/wp-content/uploads/2023/06/23062001-scaled.jpg
2023-06-20 12:22:03.511,Plat Végétarien,2900,PLAT,"Taboulet de choux fleur, courgette grillée, sauce tzatziki, champignon escabèche, houmous, romesco, salade mélangée.",http://auptitcafe.nc/wp-content/uploads/2023/06/23062002-scaled.jpg
2023-06-20 12:22:03.511,Suggestion du mois,2650,PLAT,"Ventrèche de thon confite, salade mélangée, sauce tonato, accras de poisson, parmesan,",http://auptitcafe.nc/wp-content/uploads/2023/06/23060603.jpg
2023-06-20 12:22:03.511,Suggestion du soir,3300,PLAT,"Civet de cerf Mole, rösti de taro de montagne, poêlée de champignon, châtaigne, oignon grelot.",
2023-06-20 12:22:03.511,OPERA MATCHA,1200,DESSERT,"Opéra thé matcha: biscuit amande, suprême chocolat blanc thé macha, ganache chocolat noir.",http://auptitcafe.nc/wp-content/uploads/2023/06/23062005-scaled.jpg
2023-06-20 12:22:03.511,TARTE ORANGE BASILIC,1200,DESSERT,"Tarte orange basilic: pate sucrée, crème d'amande basilic, crémeux orange basilic.",http://auptitcafe.nc/wp-content/uploads/2023/06/23062004-scaled.jpg
2023-06-20 12:22:03.511,L'incontournable,1200,DESSERT,"Le cheese-cake maison du p’tit café, à la mangue et au fruit de la passion",http://auptitcafe.nc/wp-content/uploads/2022/11/APC-MENU-DU-MARDI06-scaled.jpg
2023-06-20 12:22:03.511,Le café gourmand,1100,DESSERT,"C’est une bonne alternative, servi avec 3 minis desserts du jour",http://auptitcafe.nc/wp-content/uploads/2023/03/APC-MENU-DU-MARDI-scaled.jpg
2023-06-27 12:25:21.944,SAINT HONORE,1200,DESSERT,"Biscuit traou, choux garnis à la chantilly crème de marron et marmelade mandarine, meringue suisse.",http://auptitcafe.nc/wp-content/uploads/2023/06/23062705.jpg
2023-06-27 12:25:21.944,LE NOISETTE,1200,DESSERT,"Sablé noisette, mousse et ganache gianduja, biscuit joconde, glaçage chocolat-noisette.",http://auptitcafe.nc/wp-content/uploads/2023/06/23062704.jpg
2023-06-27 12:25:21.944,L'incontournable,1200,DESSERT,"Le cheese-cake maison du p’tit café, à la mangue et au fruit de la passion",http://auptitcafe.nc/wp-content/uploads/2022/11/APC-MENU-DU-MARDI06-scaled.jpg
2023-06-27 12:25:21.944,Le café gourmand,1100,DESSERT,"C’est une bonne alternative, servi avec 3 minis desserts du jour",http://auptitcafe.nc/wp-content/uploads/2023/03/APC-MENU-DU-MARDI-scaled.jpg
2023-06-27 12:25:21.944,Plat côté Terre,3300,PLAT,"Suprême de poulet au beurre de basilic-citron,empanadas,salade de tomate-olive-concombre, patate douce rôtie, salsa verdé, caviar d'aubergine, jus de rôtie.",http://auptitcafe.nc/wp-content/uploads/2023/06/23062700.jpg
2023-06-27 12:25:21.944,Plat côté Mer,3300,PLAT,"Mi-cuit de thon jaune, crumble à l'oignon, purée de lentille corail, salade de betterave rôtie au balsamique, condiment poireau-moutarde graine, jus perlé à l'ancre de seiche.",http://auptitcafe.nc/wp-content/uploads/2023/06/23062701.jpg
2023-06-27 12:25:21.944,Plat Végétarien,2900,PLAT,"Purée de lentille corail, salade de betterave rôtie au balsamique, patate douce rôtie, salsa verdé, salade mélangée, soupe de brocolis.",http://auptitcafe.nc/wp-content/uploads/2023/06/23062702.jpg
2023-06-27 12:25:21.944,Suggestion du mois,2650,PLAT,"Ventrèche de thon confite, salade mélangée, sauce tonato, accras de poisson, parmesan,",http://auptitcafe.nc/wp-content/uploads/2023/06/23060603.jpg
2023-06-27 12:25:21.944,Suggestion du soir,3300,PLAT,"Maquereau grillé-laqué, taro confit, œuf croustillant,salsa d'herbes et pomme granny, salade de chou pommé-soja germé,",http://auptitcafe.nc/wp-content/uploads/2023/06/maquereau-27-06-2023-scaled.jpeg
2023-07-04 12:25:25.505,Plat côté Terre,3300,PLAT,"Escalope de veau à la milanaise, salade-jambon cru-parmesan-croûton-tomate séchée sauce césar, purée de squash,bok shoî grillé, sauce aox morille..",http://auptitcafe.nc/wp-content/uploads/2023/07/23070401.jpg
2023-07-04 12:25:25.505,Plat côté Mer,3300,PLAT,"Filet de picot kanak, gratin de patate douce, salade de brède-coco-combawa, beurre blanc vanillé, rougail de tomate.",http://auptitcafe.nc/wp-content/uploads/2023/07/23070400.jpg
2023-07-04 12:25:25.505,Plat Végétarien,2900,PLAT,"Gratin de patate douce, salade de brède - coco - combawa, salade mélangée, velouté de citrouille",http://auptitcafe.nc/wp-content/uploads/2023/07/23070402.jpg
2023-07-04 12:25:25.505,Suggestion du mois,2650,PLAT,"Soupe de citrouille-galanga,carotte au mizo,crevette sautée, cacahuète au tandoori, couteau gratiné.",http://auptitcafe.nc/wp-content/uploads/2023/07/23070403.jpg
2023-07-04 12:25:25.505,Suggestion du soir,3300,PLAT,"Rable de lapin farci moutarde-cacahuète, riz pilaf, carotte glacées, jus de cuisson.",http://auptitcafe.nc/wp-content/uploads/2022/11/VISUEL-PHOTO.jpg
2023-07-04 12:25:25.505,MACARON,1200,DESSERT,"Macaron, ganache montée chocolat noir, feuillantine praliné, insert crème brulée baileys-orange, glace café",http://auptitcafe.nc/wp-content/uploads/2023/07/23070404.jpg
2023-07-04 12:25:25.505,GATEAU NANTAIS,1200,DESSERT,"Gâteau nantais, pomme rôtie, mascarpone tonka.",http://auptitcafe.nc/wp-content/uploads/2023/07/23070405.jpg
2023-07-04 12:25:25.505,L'incontournable,1200,DESSERT,"Le cheese-cake maison du p’tit café, à la mangue et au fruit de la passion",http://auptitcafe.nc/wp-content/uploads/2022/11/APC-MENU-DU-MARDI06-scaled.jpg
2023-07-04 12:25:25.505,Le café gourmand,1100,DESSERT,"C’est une bonne alternative, servi avec 3 minis desserts du jour",http://auptitcafe.nc/wp-content/uploads/2023/03/APC-MENU-DU-MARDI-scaled.jpg
2023-07-18 12:24:22.922,Plat côté Terre,3300,PLAT,"Échine de porc grillé,samoussa, pomme paillasson, choux rouge au kumquat, salade d'herbes,jus de rôti, condiment tamarin.",http://auptitcafe.nc/wp-content/uploads/2023/07/23071800.jpg
2023-07-18 12:24:22.922,Plat côté Mer,3300,PLAT,"Perroquet rose, banh xeo crevette-légumes-soja, riz thaî, salade de choux pommé-vinaigrette sésame, beurre blanc orange.",http://auptitcafe.nc/wp-content/uploads/2023/07/23071801.jpg
2023-07-18 12:24:22.922,Plat Végétarien,2900,PLAT,"Salade de choux pommé au sésame, pomme paillasson, riz sauté thaî, velouté de carotte-gingembre.",http://auptitcafe.nc/wp-content/uploads/2023/07/23071802.jpg
2023-07-18 12:24:22.922,Suggestion du mois,2650,PLAT,"Soupe de citrouille-galanga,carotte au mizo,crevette sautée, cacahuète au tandoori, couteau gratiné.",http://auptitcafe.nc/wp-content/uploads/2023/07/23070403.jpg
2023-07-18 12:24:22.922,Suggestion du soir,3300,PLAT,"Osso bucco: jarret de veau confit, conchiglioni farci à la citrouille-champiugnon, croûte d'herbe et moellle, gremolata,salade mélangée.",http://auptitcafe.nc/wp-content/uploads/2023/07/OSSO-BUCO-2-scaled.jpeg
2023-07-18 12:24:22.922,CAROTTE CAKE,1200,DESSERT,"Carotte cake, glace indienne,salade d'ananas.",http://auptitcafe.nc/wp-content/uploads/2023/07/23071804.jpg
2023-07-18 12:24:22.922,ENTREMETS,1200,DESSERT,"Biscuit financier, ganache chocolat au lait, feuillantine praliné.",http://auptitcafe.nc/wp-content/uploads/2023/07/23071805.jpg
2023-07-18 12:24:22.922,L'incontournable,1200,DESSERT,"Le cheese-cake maison du p’tit café, à la mangue et au fruit de la passion",http://auptitcafe.nc/wp-content/uploads/2022/11/APC-MENU-DU-MARDI06-scaled.jpg
2023-07-18 12:24:22.922,Le café gourmand,1100,DESSERT,"C’est une bonne alternative, servi avec 3 minis desserts du jour",http://auptitcafe.nc/wp-content/uploads/2023/03/APC-MENU-DU-MARDI-scaled.jpg
2023-07-25 12:22:32.073,Plat côté Terre,3300,PLAT,"Magret de canard,spatzle au citron-citrouille-champignon-lardon,condiment au boudin noir et pomme, jus aux airelles.",http://auptitcafe.nc/wp-content/uploads/2023/07/23072500.jpg
2023-07-25 12:22:32.073,Plat côté Mer,3300,PLAT,"Thon mi-cuit, croquette de riz noir,bouillon de pot au feux,chou  pommé et tamarin,carotte glacé au mizo.",http://auptitcafe.nc/wp-content/uploads/2023/07/23072501.jpg
2023-07-25 12:22:32.073,Plat Végétarien,2900,PLAT,"Spaetzle au citron-citrouille-champignon, chou pommé et tamarin, carotte glacée, salade mélangée,velouté citrouille",http://auptitcafe.nc/wp-content/uploads/2023/07/23072502.jpg
2023-07-25 12:22:32.073,Suggestion du mois,2650,PLAT,"Soupe de citrouille-galanga,carotte au mizo,crevette sautée, cacahuète au tandoori, couteau gratiné.",http://auptitcafe.nc/wp-content/uploads/2023/07/23070403.jpg
2023-07-25 12:22:32.073,Suggestion du soir,3300,PLAT,"Poulet fermier mijoté aux olives et citron, houmous, taboulet,condiment citron confit.",http://auptitcafe.nc/wp-content/uploads/2022/11/VISUEL-PHOTO.jpg
2023-07-25 12:22:32.073,SNICKERS,1200,DESSERT,"Biscuit brownies,caramel, suprême chocolat noir et cacahuète.",http://auptitcafe.nc/wp-content/uploads/2023/07/23072505.jpg
2023-07-25 12:22:32.073,AMANDE,1200,DESSERT,"Biscuit succes amande, crémeux citron, meringue francaise,gel exotique.",http://auptitcafe.nc/wp-content/uploads/2023/07/23072504.jpg
2023-07-25 12:22:32.073,L'incontournable,1200,DESSERT,"Le cheese-cake maison du p’tit café, à la mangue et au fruit de la passion",http://auptitcafe.nc/wp-content/uploads/2022/11/APC-MENU-DU-MARDI06-scaled.jpg
2023-07-25 12:22:32.073,Le café gourmand,1100,DESSERT,"C’est une bonne alternative, servi avec 3 minis desserts du jour",http://auptitcafe.nc/wp-content/uploads/2023/03/APC-MENU-DU-MARDI-scaled.jpg
2023-08-01 12:21:56.015,Plat côté Terre,3300,PLAT,"Pain pita garni d'émincé d'agneau-tomate-oignon sauce yaourt-citron confit sésame, moussaka, falafel,condiment tzatziki au chèvre, salade de courgette et poivron rôti.",http://auptitcafe.nc/wp-content/uploads/2023/08/23080100.jpg
2023-08-01 12:21:56.015,Plat côté Mer,3300,PLAT,"Filet de Loche lardée, purée de haricot blanc au jus de citron , salsa cèleris-carotte-pickels, bisque au jus de viande, choux farci au poisson, salade d'herbes.",http://auptitcafe.nc/wp-content/uploads/2023/08/23080101.jpg
2023-08-01 12:21:56.015,Plat Végétarien,2900,PLAT,"pain pita garni tomate-oignon sauce yaourt-citron,falafel, salade de courgette et poivron, purée de patate douce, soupe lentille.",http://auptitcafe.nc/wp-content/uploads/2023/08/23080102.jpg
2023-08-01 12:21:56.015,Suggestion du mois,2650,PLAT,"Soupe de lentille verte au citron keffir, spaetzel, éffiloché de queue de boeuf et lardon au balsamique.",http://auptitcafe.nc/wp-content/uploads/2023/08/23080103.jpg
2023-08-01 12:21:56.015,Suggestion du soir,3300,PLAT,"Raviole ouverte au canard mijoté, yakitori d’aiguillette, purée de patate douce-noisette, crème de morille, poireaux grillés.",http://auptitcafe.nc/wp-content/uploads/2022/11/VISUEL-PHOTO.jpg
2023-08-01 12:21:56.015,BEIGNET,1200,DESSERT,"Beignet, zeste de mandarine,kumquat confite, espuma châtaigne, tuile amande",http://auptitcafe.nc/wp-content/uploads/2023/08/23080105.jpg
2023-08-01 12:21:56.015,DOME,1200,DESSERT,"Crémeux au chocolat au lait, insert passion, génoise chocolat et éclat de pistache, copeaux de chocolat.",http://auptitcafe.nc/wp-content/uploads/2023/08/23080104.jpg
2023-08-01 12:21:56.015,L'incontournable,1200,DESSERT,"Le cheese-cake maison du p’tit café, à la mangue et au fruit de la passion",http://auptitcafe.nc/wp-content/uploads/2022/11/APC-MENU-DU-MARDI06-scaled.jpg
2023-08-01 12:21:56.015,Le café gourmand,1100,DESSERT,"C’est une bonne alternative, servi avec 3 minis desserts du jour",http://auptitcafe.nc/wp-content/uploads/2023/03/APC-MENU-DU-MARDI-scaled.jpg
2023-08-08 12:20:26.933,Plat côté Terre,3300,PLAT,"Burger au poulet fermier panko,oignon confit au whisky,tome,wedges de patate douce,coleslaw de papaye verte,moutarde datte,mozzarella.",http://auptitcafe.nc/wp-content/uploads/2023/08/23080800.jpg
2023-08-08 12:20:26.933,Plat côté Mer,3300,PLAT,"Aile de raie, bouillon laksa,ramen- bok shoï-soja germé,oeuf croustillant, salade d'herbes vietnamienne,macadamia et échalote frite.",http://auptitcafe.nc/wp-content/uploads/2023/08/23080801.jpg
2023-08-08 12:20:26.933,Plat Végétarien,2900,PLAT,"Coleslaw de papaye verte,moutarde figue,wedges de patate douce,salade mélangée, oeuf croustillant, velouté de citrouille.",http://auptitcafe.nc/wp-content/uploads/2023/08/23080802.jpg
2023-08-08 12:20:26.933,Suggestion du mois,2650,PLAT,"Soupe de lentille verte au citron keffir, spaetzel, éffiloché de queue de boeuf et lardon au balsamique.",http://auptitcafe.nc/wp-content/uploads/2023/08/23080103.jpg
2023-08-08 12:20:26.933,Suggestion du soir,3300,PLAT,"Parmentier à la purée d'igname mauve et paleron de bœuf braisé, chapelure coco-tandoori, salade mélangée.",http://auptitcafe.nc/wp-content/uploads/2023/08/PARMENTIER-COCOTTE-scaled.jpeg
2023-08-08 12:20:26.933,ETON MESS,1200,DESSERT,"Fromage blanc au corossol, meringue,banane,coulis de fruits rouges, chantilly",http://auptitcafe.nc/wp-content/uploads/2023/08/23080805.jpg
2023-08-08 12:20:26.933,CREME BRULEE,1200,DESSERT,"Crème brulée au chocolat à 64% du Mexique , Arlette, sorbet cerise.",http://auptitcafe.nc/wp-content/uploads/2023/08/23080804.jpg
2023-08-08 12:20:26.933,L'incontournable,1200,DESSERT,"Le cheese-cake maison du p’tit café, à la mangue et au fruit de la passion",http://auptitcafe.nc/wp-content/uploads/2022/11/APC-MENU-DU-MARDI06-scaled.jpg
2023-08-08 12:20:26.933,Le café gourmand,1100,DESSERT,"C’est une bonne alternative, servi avec 3 minis desserts du jour",http://auptitcafe.nc/wp-content/uploads/2023/08/23080806.jpg
2023-08-15 12:19:09.849,Plat côté Terre,3300,PLAT,"Longue de veau farci champignon-châtaigne-lardons, purée de pomme de terre à la vanille, citrouille rôtie, salade d'endive et herbes, jus aux champignon, moutarde-châtaigne.",http://auptitcafe.nc/wp-content/uploads/2023/08/23081500.jpg
2023-08-15 12:19:09.849,Plat côté Mer,3300,PLAT,"Loche ronde marinée-grillé,risotto d'épeautre et riz au persil, crème d'oseille, carottes glacées au galanga, salade d'herbes,rougail de tomate.",http://auptitcafe.nc/wp-content/uploads/2023/08/23081501.jpg
2023-08-15 12:19:09.849,Plat Végétarien,2900,PLAT,"Purée de pomme de terre à la vanille,citrouille rôtie,moutarde-châtaigne,carottes glacées,salade d'herbes,velouté de lentille.",http://auptitcafe.nc/wp-content/uploads/2023/08/23081502.jpg
2023-08-15 12:19:09.849,Suggestion du mois,2650,PLAT,"Soupe de lentille verte au citron keffir, spaetzel, éffiloché de queue de boeuf et lardon au balsamique.",http://auptitcafe.nc/wp-content/uploads/2023/08/23080103.jpg
2023-08-15 12:19:09.849,Suggestion du soir,3300,PLAT,"Rendang de cerf, riz pandan et citronnelle,poêlée de chou de chine,sambal.",http://auptitcafe.nc/wp-content/uploads/2022/11/VISUEL-PHOTO.jpg
2023-08-15 12:19:09.849,TIRAMISU,1200,DESSERT,"Mascarpone vanille, biscuit cuillère au thé matcha,kumquat confite,fruits rouges.",http://auptitcafe.nc/wp-content/uploads/2023/08/23081504.jpg
2023-08-15 12:19:09.849,BRIOCHE PERDUE,1200,DESSERT,"Brioche perdue au chocolat,figue rôtie,sauce chocolat chaud à la cannelle.",http://auptitcafe.nc/wp-content/uploads/2023/08/23081505.jpg
2023-08-15 12:19:09.849,L'incontournable,1200,DESSERT,"Le cheese-cake maison du p’tit café, à la mangue et au fruit de la passion",http://auptitcafe.nc/wp-content/uploads/2022/11/APC-MENU-DU-MARDI06-scaled.jpg
2023-08-15 12:19:09.849,Le café gourmand,1100,DESSERT,"C’est une bonne alternative, servi avec 3 minis desserts du jour",http://auptitcafe.nc/wp-content/uploads/2023/08/23080806.jpg
2023-08-22 12:19:49.873,Plat côté Terre,3300,PLAT,"Carré de porc rôti-laqué,salade de lentille-chorizo-ananas,polenta crémeuse, salade mélangée, croustillant de boudin noir, condiment moutarde-miel-romarin.",http://auptitcafe.nc/wp-content/uploads/2023/08/23082200.jpg
2023-08-22 12:19:49.873,Plat côté Mer,3300,PLAT,"Mi-cuit de thon sauce hollandais,kumquat,pomme de terre en persillade ,tomate cerise rôtie-haricot vert-bok shoi,salade d'herbes.",http://auptitcafe.nc/wp-content/uploads/2023/08/23082201.jpg
2023-08-22 12:19:49.873,Plat Végétarien,2900,PLAT,"Polenta crémeuse,salade de lentille-ananas, tomate cerise rôtie-haricot vert-bok shoi,velouté de citrouille.",http://auptitcafe.nc/wp-content/uploads/2023/08/23082202.jpg
2023-08-22 12:19:49.873,Suggestion du mois,2650,PLAT,"Soupe de lentille verte au citron keffir, spaetzel, éffiloché de queue de boeuf et lardon au balsamique.",http://auptitcafe.nc/wp-content/uploads/2023/08/23080103.jpg
2023-08-22 12:19:49.873,Suggestion du soir,3300,PLAT,"Pavé de saumon à la plancha, crème d'oseille,crevette croustillante, gnocchi de pomme de terre, fruits de mer,carotte et cèleri, mesclun de salade.",http://auptitcafe.nc/wp-content/uploads/2022/11/VISUEL-PHOTO.jpg
2023-08-22 12:19:49.873,RIZ AU LAIT,1200,DESSERT,"Riz au lait chocolat,croustillant poire-cacahuète,caramel.",http://auptitcafe.nc/wp-content/uploads/2023/08/23082205.jpg
2023-08-22 12:19:49.873,PAVLOVA,1200,DESSERT,"Meringue moelleuse,crémeux pistache, kumquat et kiwi.",http://auptitcafe.nc/wp-content/uploads/2023/08/23082204.jpg
2023-08-22 12:19:49.873,L'incontournable,1200,DESSERT,"Le cheese-cake maison du p’tit café, à la mangue et au fruit de la passion",http://auptitcafe.nc/wp-content/uploads/2022/11/APC-MENU-DU-MARDI06-scaled.jpg
2023-08-22 12:19:49.873,Le café gourmand,1100,DESSERT,"C’est une bonne alternative, servi avec 3 minis desserts du jour",http://auptitcafe.nc/wp-content/uploads/2023/08/23080806.jpg
2023-08-29 12:20:12.618,Plat côté Terre,3300,PLAT,"Bavette à la plancha, croquette de boeuf braisé,rôti de pomme de terre,caponata,salade d'herbes,pesto de tomate, jus au poivre vert.",http://auptitcafe.nc/wp-content/uploads/2023/08/APC-MENU-DU-MARDI00.jpg
2023-08-29 12:20:12.618,Plat côté Mer,3300,PLAT,"Tsukune de loche et langouste laquage mizo, crevettes grillées, haricot noir mijotés au combawa,moule,couteau gratiné,bisque au curry rouge, salade-pickles et graines germées.",http://auptitcafe.nc/wp-content/uploads/2023/08/APC-MENU-DU-MARDI01.jpg
2023-08-29 12:20:12.618,Plat Végétarien,2900,PLAT,"Rösti de pomme de terre,caponata ,pesto de tomate,salade d'herbes,haricot mijoté au combawa, velouté de lentille.",http://auptitcafe.nc/wp-content/uploads/2023/08/APC-MENU-DU-MARDI02.jpg
2023-08-29 12:20:12.618,Suggestion du mois,2650,PLAT,"Soupe de lentille verte au citron keffir, spaetzel, éffiloché de queue de boeuf et lardon au balsamique.",http://auptitcafe.nc/wp-content/uploads/2023/08/23080103.jpg
2023-08-29 12:20:12.618,Suggestion du soir,3300,PLAT,"Échine de  Porc farci  aux pruneaux, gratin de pomme de terre et patate douce,salade d'endive-pomme-noix,condiment figue, jus au balsamique.",http://auptitcafe.nc/wp-content/uploads/2023/08/porc-cocotte-scaled.jpg
2023-08-29 12:20:12.618,CHOCO,1200,DESSERT,"Choux craquelin chocolat,praliné au coco,mousse chocolat au lait, biscuit chocolat.",http://auptitcafe.nc/wp-content/uploads/2023/08/APC-MENU-DU-MARDI05.jpg
2023-08-29 12:20:12.618,COLAK,1200,DESSERT,"Perle du japon,boulette de manioc,patate douce confite, lait de coco,banane.",http://auptitcafe.nc/wp-content/uploads/2023/08/APC-MENU-DU-MARDI04.jpg
2023-08-29 12:20:12.618,L'incontournable,1200,DESSERT,"Le cheese-cake maison du p’tit café, à la mangue et au fruit de la passion",http://auptitcafe.nc/wp-content/uploads/2022/11/APC-MENU-DU-MARDI06-scaled.jpg
2023-08-29 12:20:12.618,Le café gourmand,1100,DESSERT,"C’est une bonne alternative, servi avec 3 minis desserts du jour",http://auptitcafe.nc/wp-content/uploads/2023/08/23080806.jpg
2023-09-05 12:20:08.343,Plat côté Terre,3300,PLAT,"Magret de canard,salade de betterave rôtie- kumquat-choux fleur en pickles, purée d'haricot coco,salade d'endive,gastrique agrumes.",http://auptitcafe.nc/wp-content/uploads/2023/09/APC-MENU-DU-MARDI00.jpg
2023-09-05 12:20:08.343,Plat côté Mer,3300,PLAT,"Saumonée en papillote,légumes marinés, purée de patate douce et potimarron, bok shoï-haricot vert,salsa tomate-olives,moules panées, condiment anchoïade.",http://auptitcafe.nc/wp-content/uploads/2023/09/APC-MENU-DU-MARDI01.jpg
2023-09-05 12:20:08.343,Plat Végétarien,2900,PLAT,"Salade de betterave-kumquat-choux fleur en pickles, purée de haricot blanc, bok shoï-haricot vert,velouté de carotte.",http://auptitcafe.nc/wp-content/uploads/2023/09/APC-MENU-DU-MARDI02.jpg
2023-09-05 12:20:08.343,Suggestion du mois,2650,PLAT,"Velouté de carotte, arancini, poêlées de champignons, billes de mozzarella, graines de sarrasin.",http://auptitcafe.nc/wp-content/uploads/2023/09/APC-MENU-DU-MARDI03.jpg
2023-09-05 12:20:08.343,Suggestion du soir,3300,PLAT,"Épaule d'agneau confite aux fruits sec, taboulé de perles de couscous, navet confit miel-épices,salade mélangée,condiment abricot-sésame",http://auptitcafe.nc/wp-content/uploads/2023/09/COCOTTE-AGNEAU-1-scaled.jpg
2023-09-05 12:20:08.343,CHARLOTTE,1200,DESSERT,"Biscuit cuillère, mousse à la crème de marron,compotée de rhubarbe,pêche rôtie.",http://auptitcafe.nc/wp-content/uploads/2023/09/APC-MENU-DU-MARDI04.jpg
2023-09-05 12:20:08.343,TARTELETTE,1200,DESSERT,"Pâte sablé, ganache chocolat, quenelle crémeux café.",http://auptitcafe.nc/wp-content/uploads/2023/09/APC-MENU-DU-MARDI05.jpg
2023-09-05 12:20:08.343,L'incontournable,1200,DESSERT,"Le cheese-cake maison du p’tit café, à la mangue et au fruit de la passion",http://auptitcafe.nc/wp-content/uploads/2022/11/APC-MENU-DU-MARDI06-scaled.jpg
2023-09-05 12:20:08.343,Le café gourmand,1100,DESSERT,"C’est une bonne alternative, servi avec 3 minis desserts du jour",http://auptitcafe.nc/wp-content/uploads/2023/08/23080806.jpg
